sid,a_1,a_2,b_1,b_2,drb1_1,drb1_2,drb345_1,drb345_2,dqa1_1,dqa1_2,dqb1_1,dqb1_2
1009,2:11,3:02,15:01,35:03:00,13:01,14:04,3*01:01,3*02:02,1:01,1:03,5:03,6:03
1012,11:01,11:01,52:01:00,52:01:00,14:04,15:02,3*02:02,5*01:02,1:01,1:03,5:03,5:03
1016,11:01,24:02:00,15:12,57:01:00,7:01,15:02,4*01:01,5*01:03,1:01,2:01,3:03,5:02
1020,24:02:00,24:07:00,35:03:00,35:05:00,11:01,12:02,3*02:02,3*03:01,5:01,6:01,3:01,3:01
1024,24:02:00,26:01:00,27:05:00,35:01:00,14:04,15:02,3*02:02,5*01:02,1:01,1:03,5:03,5:03
1026,11:01,24:02:00,15:02,35:01:00,1:01,12:02,3*03:01,ABSENT,1:01,1:01,5:01,5:01
1002,1:01,3:01,52:01:00,57:01:00,7:01,15:02,4*01:01,5*01:02,1:03,2:01,3:03,6:01
1005,2:05,2:11,40:06:00,49:01:00,13:02,15:01,3*03:01,5*01:01,1:02,1:03,6:04,6:04
1003,11:01,24:02:00,15:02,51:01:00,4:05,12:02,3*03:01,4*01:01,3:01,6:01,3:01,4:02
1004,3:01,11:01,44:03:00,52:01:00,7:01,-9,3*02:02,4*01:01,1:01,2:01,2:01,5:03
1001,1:01,24:07:00,7:02,52:01:00,4:03,15:01,4*01:01,5*01:01,1:02,3:01,3:02,6:02
1007,33:03:00,33:03:00,18:01,44:03:00,7:01,11:04,3*02:02,4*01:01,2:01,5:01,2:01,3:01
1008,11:01,33:03:00,15:02,18:01,12:02,15:01,3*03:01,5*01:01,1:03,6:01,3:01,6:01
1010,2:06,31:01:00,15:02,40:06:00,7:01,12:02,3*03:01,4*01:01,2:01,6:01,2:01,3:01
1014,2:01,29:01:00,44:03:00,51:01:00,15:01,15:02,5*01:01,5*01:02,1:02,1:03,5:02,5:02
1013,1:01,11:01,51:01:00,57:01:00,7:01,7:01,4*01:01,4*01:01,2:01,2:01,2:01,3:03
1019,33:03:00,68:01:00,35:03:00,58:01:00,3:01,13:01,3*02:02,3*02:02,1:03,5:01,2:01,6:03
1018,11:01,26:01:00,15:01,38:02:00,15:01,15:02,5*01:01,5*01:02,1:01,1:02,5:01,6:02
1021,24:02:00,31:01:00,15:08,15:25,10:01,15:04,5*01:01,ABSENT,1:01,1:02,5:01,5:02
1022,2:03,11:01,15:02,15:25,4:05,12:02,3*03:01,4*01:01,3:01,6:01,3:01,4:01
1025,24:07:00,24:07:00,27:05:00,37:01:00,10:01,15:01,5*01:01,ABSENT,1:01,1:03,5:01,5:01
1027,2:11,24:02:00,40:06:00,40:06:00,14:04,14:04,3*02:02,3*02:02,1:01,1:01,5:03,5:03
1017,11:01,11:01,15:02,44:03:00,7:01,12:02,3*03:01,4*01:01,2:01,6:01,2:01,3:01
1023,1:01,11:01,57:01:00,58:01:00,3:01,7:01,3*02:02,4*01:01,2:01,5:01,2:01,3:03
1031,1:01,3:01,8:01,57:01:00,3:01,7:01,3*02:02,4*01:01,2:01,5:01,2:01,3:03
1035,1:01,11:01,44:03:00,57:01:00,4:05,7:01,4*01:01,4*01:01,2:01,3:01,3:03,4:01
1028,24:07:00,68:01:00,27:05:00,58:01:00,3:01,4:03,3*02:02,4*01:01,3:01,5:01,2:01,3:02
1029,33:03:00,68:01:00,35:03:00,52:01:00,7:01,15:06,4*01:01,5*01:01,1:02,2:01,2:01,5:02
1030,1:01,31:01:00,15:08,57:01:00,4:03,12:02,3*03:01,4*01:01,3:01,6:01,3:01,3:02
1032,11:01,24:07:00,15:17,52:01:00,3:01,7:01,3*02:02,4*01:01,2:01,5:01,2:01,3:03
1038,1:01,33:03:00,44:03:00,57:01:00,7:01,7:01,4*01:01,4*01:01,2:01,2:01,2:01,2:01
1033,1:01,24:02:00,7:02,35:03:00,7:01,13:01,3*01:01,4*01:01,1:03,2:01,2:01,6:03
1040,3:01,33:03:00,27:05:00,51:06:00,9:01,15:01,4*01:01,5*01:01,1:02,3:01,3:03,5:02
1042,24:02:00,33:03:00,44:03:00,51:01:00,1:01,3:01,3*02:02,ABSENT,1:01,5:01,2:01,5:01
1043,2:06,11:01,52:01:00,52:01:00,7:01,15:02,4*01:01,5*01:02,1:03,2:01,2:01,5:03
1044,11:01,31:01:00,15:08,51:01:00,7:01,15:02,4*01:01,5*01:02,1:03,2:01,3:03,6:01
1036,26:01:00,26:01:00,8:01,57:01:00,3:01,7:01,3*02:02,4*01:01,2:01,5:01,2:01,3:03
1039,11:01,24:02:00,38:02:00,52:01:00,7:01,12:02,3*02:02,4*01:01,2:01,6:01,2:01,3:01
1041,24:02:00,24:07:00,15:25,52:01:00,15:01,15:02,5*01:01,5*01:02,1:02,1:03,5:02,5:03
1045,2:01,24:02:00,7:02,35:03:00,7:01,15:01,4*01:01,5*01:01,1:02,2:01,2:01,6:01
1047,11:01,32:01:00,15:02,35:01:00,10:01,14:04,3*02:02,ABSENT,1:01,1:01,5:01,5:03
1053,2:01,30:01:00,13:02,15:01,7:01,14:04,3*02:02,4*01:01,1:01,2:01,2:01,6:01
1046,11:01,24:02:00,35:03:00,52:01:00,4:03,13:01,3*02:02,4*01:01,1:03,3:01,3:02,6:03
1054,24:03:00,74:01:00,38:02:00,39:01:00,15:02,15:04,5*01:01,5*01:02,1:02,1:03,5:02,5:03
1048,24:02:00,74:01:00,44:03:00,45:01:00,7:01,10:01,4*01:01,ABSENT,1:01,2:01,2:01,5:01
1051,1:01,11:01,35:03:00,40:06:00,4:03,16:02,4*01:01,5*02:02,1:02,3:01,3:02,5:02
1059,1:01,33:03:00,15:02,35:01:00,7:01,15:06,4*01:01,5*01:01,1:02,2:01,3:03,5:02
1063,31:01:00,33:03:00,15:08,27:05:00,7:01,15:04,4*01:01,5*01:01,1:02,2:01,3:03,5:02
1049,2:01,26:01:00,38:02:00,52:01:00,7:01,15:02,4*01:01,5*01:03,1:01,2:01,2:01,5:02
1061,11:01,11:01,15:02,52:01:00,12:02,14:04,3*02:02,3*03:01,1:01,6:01,3:01,5:03
1064,2:11,11:01,40:06:00,57:01:00,7:01,7:01,4*01:01,4*01:01,2:01,2:01,3:03,3:03
1057,1:01,24:02:00,35:01:00,40:06:00,14:04,15:02,3*02:02,5*01:02,1:01,1:03,5:03,6:01
1058,24:07:00,29:01:00,7:05,35:05:00,10:01,12:02,3*03:01,ABSENT,1:01,6:01,3:01,5:01
1066,3:01,24:02:00,27:05:00,40:06:00,4:04,7:01,4*01:01,4*01:01,2:01,3:01,2:01,3:02
1070,11:01,33:03:00,15:02,44:03:00,7:03,12:02,3*03:01,4*01:01,2:01,6:01,2:01,3:01
1055,11:01,33:03:00,15:02,44:03:00,7:01,12:02,3*03:01,4*01:01,2:01,6:01,3:01,3:03
1062,11:01,24:02:00,13:01,15:02,12:02,15:01,3*03:01,5*01:01,1:02,6:01,3:01,6:01
1065,11:01,24:02:00,15:02,40:01:00,7:01,15:02,4*01:01,5*01:02,1:03,2:01,3:03,6:01
1067,11:01,24:02:00,38:02:00,57:01:00,15:02,15:02,5*01:02,5*01:02,1:01,1:03,5:01,5:01
1071,11:01,11:01,15:02,15:32,7:01,12:02,3*03:01,4*01:01,2:01,6:01,2:01,3:01
1068,11:01,24:02:00,35:01:00,52:01:00,12:02,15:02,3*03:01,5*01:02,1:03,6:01,3:01,6:01
1069,24:02:00,33:03:00,51:06:00,58:01:00,3:01,14:05,3*02:02,3*02:02,1:01,5:01,2:01,5:03
1073,24:02:00,33:03:00,40:06:00,44:03:00,7:01,15:01,4*01:01,5*01:01,1:03,2:01,2:01,6:01
1074,24:02:00,68:01:00,52:01:00,52:01:00,7:01,15:02,4*01:01,5*01:02,1:03,2:01,2:01,6:01
1075,11:01,33:03:00,15:18,40:01:00,3:01,15:01,3*02:02,5*01:01,1:02,5:01,2:01,6:01
1080,33:03:00,33:03:00,35:03:00,55:01:00,13:02,15:02,3*03:01,5*01:02,1:02,1:03,6:04,6:04
1085,11:01,33:03:00,35:01:00,44:03:00,1:01,7:01,4*01:01,ABSENT,1:01,2:01,2:01,5:01
1077,1:01,11:01,44:03:00,52:01:00,7:01,15:02,4*01:01,5*01:02,1:03,2:01,2:01,6:01
1078,32:01:00,32:01:00,18:01,35:01:00,1:01,4:03,4*01:01,ABSENT,1:01,3:01,3:02,5:01
1079,11:01,33:03:00,15:01,44:03:00,7:01,14:04,3*02:02,4*01:01,1:01,2:01,2:01,5:03
1082,24:02:00,26:01:00,8:01,40:06:00,10:01,14:04,3*02:02,ABSENT,1:01,1:01,5:01,5:03
1088,1:01,11:03,15:02,37:01:00,10:01,12:02,3*03:01,ABSENT,1:01,6:01,3:01,5:01
1086,24:17:00,33:03:00,15:02,38:02:00,13:01,15:02,3*02:02,5*01:02,1:01,1:03,5:01,6:03
1094,1:01,3:01,18:01,37:01:00,10:01,15:02,5*01:02,ABSENT,1:01,1:03,5:01,5:01
1083,24:02:00,24:02:00,15:02,35:03:00,7:01,14:04,3*02:02,4*01:01,1:01,2:01,2:01,5:03
1084,2:11,68:01:00,44:03:00,51:01:00,7:01,13:01,3*01:01,4*01:01,1:03,2:01,2:01,6:03
1081,2:11,24:02:00,15:02,52:01:00,14:07,15:01,3*02:02,5*01:01,1:01,1:02,5:02,5:03
1096,2:11,68:01:00,15:32,35:03:00,15:02,15:04,5*01:01,5*01:02,1:02,1:03,5:02,5:02
1089,1:01,24:02:00,35:03:00,52:01:00,4:03,7:01,4*01:01,4*01:01,2:01,3:01,3:02,3:03
1090,24:07:00,68:01:00,15:02,44:03:00,7:01,12:02,3*03:01,4*01:01,2:01,6:01,2:01,3:01
1092,3:01,31:01:00,15:08,51:01:00,4:03,4:03,4*01:01,4*01:01,3:01,3:01,3:02,3:02
1095,1:01,24:02:00,37:01:00,51:01:00,10:01,15:01,5*01:01,ABSENT,1:01,1:03,5:01,5:01
1097,2:11,24:02:00,15:02,18:01,4:01,7:01,4*01:01,4*01:01,2:01,3:01,2:01,3:02
1098,1:01,11:01,35:03:00,57:01:00,7:01,12:02,3*03:01,4*01:01,2:01,6:01,3:01,3:03
1100,11:01,33:03:00,13:01,44:03:00,10:01,15:04,5*01:01,ABSENT,1:01,1:02,5:01,5:02
1102,2:03,33:03:00,15:02,52:01:00,15:02,16:02,5*01:02,5*02:02,1:01,1:02,5:01,5:02
1105,2:01,24:02:00,7:02,7:02,15:01,15:01,5*01:01,5*01:01,1:02,1:02,6:02,6:02
1106,3:01,11:01,35:01:00,52:01:00,4:03,15:02,4*01:01,5*01:02,1:01,3:01,3:02,5:01
1107,24:02:00,33:03:00,44:03:00,52:01:00,7:01,15:02,4*01:01,5*01:02,1:03,2:01,2:01,6:01
1108,11:01,29:01:00,7:05,15:05,10:01,14:04,3*02:02,ABSENT,1:01,1:01,5:01,5:03
1111,1:01,11:01,57:01:00,15:NEW,1:01,7:01,4*01:01,ABSENT,1:01,2:01,2:01,5:01
1114,1:01,31:01:00,15:08,57:01:00,7:01,7:01,4*01:01,4*01:01,2:01,2:01,2:01,3:03
1115,24:02:00,31:16:00,35:13:00,57:01:00,13:01,15:01,3*02:02,5*01:01,1:03,1:03,6:01,6:03
1116,2:01,11:01,52:01:00,57:01:00,7:01,15:02,4*01:01,5*01:02,1:03,2:01,3:03,6:01
1117,11:01,33:03:00,15:02,15:02,12:02,15:02,3*03:01,5*01:02,1:01,6:01,3:01,5:01
1118,11:01,31:01:00,15:08,52:01:00,4:03,7:01,4*01:01,4*01:01,2:01,3:01,3:02,3:03
1110,24:02:00,68:01:00,52:01:00,52:01:00,15:02,15:02,5*01:02,5*01:02,1:03,1:03,6:01,6:01
1112,2:03,11:01,15:02,38:02:00,12:02,15:02,3*03:01,5*01:02,1:01,6:01,3:01,5:01
1120,2:03,33:03:00,15:02,44:03:00,7:01,7:01,4*01:01,4*01:01,2:01,2:01,2:01,2:01
1121,1:01,11:01,40:06:00,57:01:00,7:01,15:02,4*01:01,5*01:02,1:03,2:01,3:03,6:01
1122,2:01,11:01,15:02,35:03:00,7:01,12:02,3*03:01,4*01:01,2:01,6:01,2:01,3:01
1123,24:02:00,33:03:00,35:03:00,44:03:00,3:01,7:01,3*02:02,4*01:01,2:01,5:01,2:01,2:01
1124,24:02:00,33:03:00,44:03:00,51:01:00,7:03,15:01,4*01:01,5*01:01,1:02,2:01,2:01,6:02
1125,1:01,68:01:00,15:25,51:01:00,7:01,8:03,4*01:01,ABSENT,2:01,6:01,3:01,3:03
1127,3:01,33:03:00,35:01:00,35:03:00,7:01,10:01,4*01:01,ABSENT,1:01,2:01,3:03,5:01
1128,11:01,33:03:00,15:02,58:01:00,11:01,15:01,3*02:02,5*01:01,1:02,5:01,3:01,6:01
1126,2:11,24:02:00,55:01:00,58:01:00,7:01,7:01,4*01:01,4*01:01,2:01,2:01,3:03,3:03
1131,2:11,11:12,40:06:00,52:01:00,14:28,15:02,3*02:02,5*01:02,1:01,1:03,5:03,5:03
1132,11:01,26:01:00,8:01,44:03:00,3:01,7:01,3*02:02,4*01:01,2:01,5:01,2:01,2:01
1119,1:01,33:03:00,44:03:00,57:01:00,7:01,15:02,4*01:01,5*01:02,1:03,2:01,2:01,6:01
1133,11:01,24:02:00,37:01:00,52:01:00,9:01,10:01,4*01:01,ABSENT,1:01,3:01,3:03,5:01
1103,2:03,33:03:00,15:02,35:08:00,3:01,15:02,3*02:02,5*01:02,1:01,5:01,2:01,5:01
1104,3:01,33:03:00,7:05,44:03:00,14:04,15:02,3*02:02,5*01:03,1:01,1:01,5:02,5:03
1134,11:01,11:01,15:02,40:06:00,15:01,15:02,5*01:01,5*01:02,1:02,1:03,6:01,6:01
1136,2:01,3:01,13:02,40:01:00,4:03,10:01,4*01:01,ABSENT,1:01,3:01,3:02,5:01
1137,1:01,24:07:00,52:01:00,57:01:00,4:03,7:01,4*01:01,4*01:01,2:01,3:01,3:02,3:03
1135,11:01,29:01:00,7:05,35:01:00,3:01,10:01,3*02:02,ABSENT,1:01,5:01,2:01,5:01
1141,11:01,23:01,15:32,58:01:00,12:02,13:02,3*03:01,3*03:01,1:02,6:01,3:01,6:09
1142,3:01,24:02:00,55:01:00,56:01:00,7:01,15:02,4*01:01,5*01:02,1:03,2:01,3:03,6:01
1138,2:01,24:02:00,7:02,13:01,7:01,8:01,4*01:01,ABSENT,2:01,4:01,2:01,4:02
1139,11:01,24:02:00,35:01:00,38:02:00,1:01,15:02,5*01:02,ABSENT,1:01,1:01,5:01,5:01
1140,24:02:00,33:03:00,35:08:00,44:03:00,7:01,7:01,4*01:01,4*01:01,2:01,2:01,2:01,2:01
1143,11:01,24:07:00,13:01,27:05:00,9:01,15:01,4*01:01,5*01:01,1:02,3:01,3:03,6:01
1144,24:07:00,33:03:00,15:02,44:03:00,4:05,9:01,4*01:01,4*01:01,3:01,3:01,3:03,4:02
1147,1:01,31:01:00,7:02,15:08,4:03,4:03,4*01:01,4*01:01,3:01,3:01,3:02,3:02
1145,24:07:00,68:01:00,15:25,52:01:00,4:03,15:04,4*01:01,5*01:01,1:02,3:01,3:02,5:02
1151,1:01,24:02:00,35:03:00,57:01:00,3:01,12:02,3*02:02,3*03:01,5:01,6:01,2:01,3:01
1152,11:01,33:03:00,44:03:00,52:01:00,15:02,15:02,5*01:02,5*01:02,1:03,1:03,6:01,6:01
1149,2:03,11:01,15:02,51:01:00,10:01,12:02,3*03:01,ABSENT,1:01,6:01,3:01,5:01
1153,2:11,33:03:00,40:06:00,58:01:00,15:01,15:02,5*01:01,5*01:02,1:03,1:03,6:01,6:01
1154,1:01,11:01,38:02:00,44:03:00,7:01,12:02,3*03:01,4*01:01,2:01,6:01,2:01,3:01
1155,1:01,24:02:00,35:03:00,35:03:00,7:01,7:01,4*01:01,4*01:01,2:01,2:01,3:03,3:03
1156,31:01:00,33:03:00,15:08,58:01:00,7:01,7:01,4*01:01,4*01:01,2:01,2:01,3:03,3:03
1157,11:01,11:01,27:05:00,52:01:00,12:01,15:02,3*02:02,5*01:02,1:03,5:01,3:01,6:01
1158,1:01,24:07:00,7:05,44:03:00,7:01,15:01,4*01:01,5*01:01,1:03,2:01,2:01,6:01
1161,2:01,11:01,40:06:00,40:23:00,9:01,14:04,3*02:02,4*01:01,1:01,3:01,3:02,5:03
1159,2:11,11:01,52:01:00,57:01:00,7:01,15:02,4*01:01,5*01:02,1:03,2:01,3:03,6:01
1160,1:01,24:07:00,15:02,57:01:00,1:01,7:01,4*01:01,ABSENT,1:01,2:01,3:03,5:01
1166,24:02:00,33:03:00,15:02,15:32,7:01,12:02,3*03:01,4*01:01,2:01,6:01,2:01,3:01
1163,11:01,24:17:00,15:02,39:01:00,12:02,13:01,3*01:01,3*03:01,1:03,6:01,3:01,6:03
1167,1:01,11:01,35:01:00,57:01:00,10:01,15:02,5*01:02,ABSENT,1:01,1:03,5:01,6:01
1164,11:01,24:07:00,27:05:00,51:01:00,7:01,10:01,4*01:01,ABSENT,1:01,2:01,2:01,5:01
1168,1:01,11:01,15:02,15:02,15:01,15:04,5*01:01,5*01:01,1:02,1:03,5:02,6:01
1162,2:01,24:02:00,13:01,15:18,7:01,15:01,4*01:01,5*01:01,1:02,2:01,3:03,6:01
1170,24:02:00,68:01:00,27:61,40:06:00,14:04,15:01,3*02:02,5*01:01,1:01,1:01,5:01,5:03
1169,2:06,11:01,15:02,35:03:00,12:01,12:02,3*02:02,3*03:01,5:01,6:01,3:01,3:01
1172,24:02:00,31:01:00,15:08,37:01:00,4:03,7:01,4*01:01,4*01:01,2:01,3:01,2:01,3:02
1174,33:03:00,68:01:00,44:03:00,51:01:00,7:01,10:01,4*01:01,ABSENT,1:01,2:01,2:01,5:01
1175,1:01,26:01:00,37:01:00,52:01:00,10:01,15:02,5*01:02,ABSENT,1:01,1:03,5:01,6:01
1179,24:02:00,33:03:00,8:01,48:01:00,3:01,14:04,3*02:02,3*02:02,1:01,5:01,2:01,5:03
1171,2:11,24:02:00,40:06:00,52:01:00,7:01,7:01,4*01:01,4*01:01,2:01,2:01,2:01,2:01
1184,24:17:00,68:01:00,15:08,15:32,4:04,15:02,4*01:01,5*01:02,1:03,3:01,3:02,6:01
1177,1:01,33:03:00,37:01:00,40:06:00,10:01,15:01,5*01:01,ABSENT,1:01,1:03,5:01,6:01
1181,11:01,24:02:00,38:02:00,48:01:00,15:02,16:02,5*01:02,5*02:02,1:02,1:03,5:02,5:03
1182,2:01,33:03:00,44:03:00,58:01:00,1:01,3:01,3*02:02,ABSENT,1:01,5:01,2:01,5:01
1173,2:11,2:20,40:02:00,44:03:00,7:01,15:02,4*01:01,5*01:02,1:03,2:01,2:01,5:03
1178,33:03:00,33:03:00,37:01:00,58:01:00,10:01,13:01,3*01:01,ABSENT,1:01,1:03,5:01,6:03
1180,11:01,24:02:00,7:02,7:02,7:01,15:02,4*01:01,5*01:02,1:03,2:01,2:01,5:03
1186,1:01,24:17:00,15:02,15:08,7:01,12:02,3*03:01,4*01:01,2:01,6:01,3:01,3:03
1189,2:01,2:06,15:02,15:02,12:02,15:01,3*03:01,5*01:01,1:02,6:01,3:01,6:01
1190,2:06,24:02:00,7:05,35:01:00,10:01,15:06,5*01:01,ABSENT,1:01,1:02,5:01,5:02
1185,1:01,68:01:00,27:05:00,40:06:00,11:01,14:04,3*02:02,3*02:02,1:01,5:01,3:01,5:03
1191,2:01,24:02:00,51:01:00,57:01:00,4:04,7:01,4*01:01,4*01:01,2:01,3:01,3:02,3:03
1192,11:01,33:03:00,44:03:00,44:03:00,7:01,7:01,4*01:01,4*01:01,2:01,2:01,2:01,2:01
1194,1:01,1:01,51:01:00,57:01:00,7:01,7:01,4*01:01,4*01:01,2:01,2:01,3:03,3:03
1195,11:01,31:01:00,15:02,51:01:00,10:01,12:02,3*03:01,ABSENT,1:01,6:01,3:01,5:01
1187,1:01,11:01,27:05:00,56:01:00,4:04,15:02,4*01:01,5*01:02,1:03,3:01,3:02,6:01
1196,2:11,11:01,15:07,52:01:00,12:02,15:02,3*03:01,5*01:02,1:03,6:01,3:01,6:01
1198,3:01,11:01,15:02,40:06:00,14:01,15:01,3*03:01,5*01:01,1:01,1:03,5:03,6:01
1201,2:11,33:03:00,15:05,44:03:00,7:01,13:01,3*02:02,4*01:01,1:03,2:01,2:01,6:03
1199,1:01,11:01,15:32,51:01:00,7:01,15:04,4*01:01,5*01:01,1:02,2:01,2:01,5:02
1200,11:01,33:03:00,44:03:00,52:04:00,7:01,14:04,3*02:02,4*01:01,1:01,2:01,2:01,5:03
1204,11:01,24:02:00,13:01,38:02:00,7:01,12:02,3*03:01,4*01:01,2:01,6:01,3:01,3:03
1213,3:01,33:03:00,52:01:00,58:01:00,3:01,4:03,3*02:02,4*01:01,3:01,5:01,2:01,3:02
1209,11:01,68:01:00,15:32,35:03:00,7:01,15:02,4*01:01,5*01:01,1:03,2:01,3:03,6:01
1210,11:01,32:01:00,15:01,35:03:00,1:01,15:02,5*01:02,ABSENT,1:01,1:03,5:01,6:01
1211,24:07:00,29:01:00,13:02,52:01:00,4:03,7:01,4*01:01,4*01:01,2:01,3:01,2:01,3:02
1214,2:05,26:01:00,50:01:00,52:01:00,7:01,15:02,4*01:01,5*01:02,1:03,2:01,2:01,6:01
1216,1:01,1:01,14:02,52:01:00,12:02,13:02,3*03:01,3*03:01,1:02,6:01,3:01,6:09
1207,1:01,1:01,15:17,37:01:00,10:01,13:02,3*03:01,ABSENT,1:01,1:02,5:01,06:NEW
1215,1:01,24:02:00,40:06:00,52:01:00,14:04,15:01,3*02:02,5*01:01,1:01,1:03,5:03,6:01
1208,11:01,24:02:00,15:02,15:08,7:01,12:02,3*03:01,4*01:01,2:01,6:01,2:01,3:01
1217,24:02:00,29:01:00,7:05,56:01:00,10:01,14:04,3*02:02,ABSENT,1:01,1:01,5:01,5:03
1218,2:01,33:03:00,35:01:00,58:01:00,-9,15:02,3*02:02,5*01:02,1:01,1:03,5:03,5:03
1212,11:01,33:03:00,51:06:00,58:01:00,4:03,15:01,4*01:01,5*01:01,1:02,3:01,3:02,5:02
1220,33:03:00,33:03:00,40:06:00,44:03:00,7:01,15:02,4*01:01,5*01:02,1:03,2:01,2:01,6:01
1221,11:01,33:03:00,15:02,44:03:00,7:01,15:01,4*01:01,5*01:01,1:02,2:01,2:01,6:01
1219,3:01,11:01,15:01,35:01:00,3:01,10:01,3*02:02,ABSENT,1:01,5:01,2:01,5:01
1224,1:01,68:01:00,35:03:00,57:01:00,7:01,15:01,4*01:01,5*01:01,1:02,2:01,3:03,6:02
1228,11:01,32:01:00,51:01:00,55:01:00,4:03,4:03,4*01:01,4*01:01,3:01,3:01,3:02,3:02
1229,1:01,11:01,52:01:00,57:01:00,7:01,15:02,4*01:01,5*01:02,1:03,2:01,2:01,6:01
1230,30:02:00,33:03:00,41:02:00,44:03:00,7:01,11:01,3*02:02,4*01:01,2:01,5:01,2:01,3:01
1222,1:01,3:01,35:01:00,37:01:00,10:01,13:01,3*01:01,ABSENT,1:01,1:03,5:01,6:03
1223,2:01,24:02:00,18:01,52:01:00,4:05,15:02,4*01:01,5*01:02,1:03,3:01,4:02,6:01
1225,11:01,24:07:00,52:01:00,57:01:00,12:02,15:02,3*03:01,5*01:02,1:03,6:01,3:01,6:01
1226,24:02:00,33:03:00,15:02,39:06:00,8:01,12:02,3*03:01,ABSENT,4:01,6:01,3:01,4:02
1231,24:02:00,68:01:00,38:02:00,40:06:00,15:02,15:02,5*01:02,5*01:02,1:01,1:03,5:01,6:01
1232,2:03,30:01:00,13:02,40:01:00,7:01,15:02,4*01:01,5*01:02,1:01,2:01,2:01,5:01
1235,24:02:00,24:02:00,7:05,35:01:00,15:01,15:06,5*01:01,5*01:01,1:02,1:03,5:02,6:01
1227,3:01,24:02:00,52:01:00,57:01:00,7:01,15:04,4*01:01,5*01:01,1:02,2:01,3:03,5:02
1233,24:07:00,31:01:00,15:08,35:05:00,12:02,15:02,3*03:01,5*01:02,1:01,6:01,3:01,5:01
1234,2:11,11:01,40:06:00,56:01:00,4:05,16:02,4*01:01,5*02:02,1:02,3:01,4:01,5:02
1237,11:01,30:01:00,13:02,40:01:00,7:01,7:01,4*01:01,4*01:01,2:01,2:01,2:01,2:01
1239,3:01,24:02:00,37:01:00,40:06:00,10:01,15:02,5*01:02,ABSENT,1:01,1:03,5:01,6:01
1236,2:06,33:03:00,15:02,55:01:00,10:01,12:02,3*03:01,ABSENT,1:01,6:01,3:01,5:01
1238,11:01,32:01:00,13:01,35:01:00,4:05,15:06,4*01:01,5*01:01,1:02,3:01,4:01,6:01
1242,1:01,24:07:00,35:05:00,37:01:00,1:01,12:02,3*03:01,ABSENT,1:01,6:01,3:01,5:01
1243,1:01,2:03,15:02,44:03:00,7:01,15:02,4*01:01,5*01:02,1:01,2:01,2:01,5:01
1241,1:01,11:01,7:02,40:01:00,11:01,15:01,3*02:02,5*01:01,1:02,5:01,3:01,6:02
1244,1:01,2:11,7:02,35:01:00,1:01,7:01,4*01:01,ABSENT,1:01,2:01,2:01,5:01
1247,11:01,24:02:00,15:32,55:01:00,14:04,15:02,3*02:02,5*01:01,1:01,1:03,5:03,6:01
1248,1:01,33:03:00,44:03:00,57:01:00,7:01,15:01,4*01:01,5*01:01,1:01,2:01,2:01,5:01
1240,11:01,68:01:00,35:03:00,52:01:00,14:01,15:02,3*02:02,5*01:02,1:01,1:03,5:03,6:01
1245,24:07:00,68:01:00,35:05:00,52:01:00,15:02,15:02,5*01:02,5*01:02,1:03,1:03,6:01,6:01
1246,1:01,30:01:00,13:02,37:01:00,7:01,10:01,4*01:01,ABSENT,1:01,2:01,2:01,5:01
1250,11:01,11:01,13:01,38:02:00,4:05,11:01,3*02:02,4*01:01,3:01,5:01,3:01,4:01
1253,2:11,11:01,15:02,40:06:00,4:01,12:02,3*03:01,4*01:01,3:01,6:01,3:01,3:02
1251,2:01,11:01,40:06:00,52:01:00,4:01,15:02,4*01:01,5*01:02,1:03,3:01,3:02,6:01
1254,1:01,32:01:00,7:02,15:02,4:03,12:02,3*03:01,4*01:01,3:01,6:01,3:01,3:02
1257,1:01,33:03:00,7:02,27:05:00,4:04,15:02,4*01:03,5*01:02,1:03,3:01,3:02,6:01
1252,11:01,11:01,35:03:00,52:01:00,14:01,14:04,3*02:02,3*02:02,1:01,1:01,5:03,5:03
1256,2:01,11:01,7:02,27:05:00,14:01,15:02,3*02:02,5*01:02,1:01,1:03,5:03,6:01
1260,11:01,33:03:00,13:01,15:02,3:01,12:02,3*02:02,3*03:01,5:01,6:01,2:01,3:01
1261,24:03:00,29:01:00,7:05,39:01:00,10:01,15:02,5*01:02,ABSENT,1:01,1:03,5:01,5:03
1264,24:02:00,33:03:00,15:02,35:03:00,4:03,15:01,4*01:01,5*01:01,1:02,3:01,3:02,6:01
1262,24:02:00,24:02:00,13:01,35:01:00,15:01,15:02,5*01:01,5*01:02,1:02,1:03,6:01,6:01
1263,11:01,11:01,40:06:00,44:03:00,7:01,14:04,3*02:02,4*01:01,1:01,2:01,2:01,5:03
1265,11:01,26:01:00,35:01:00,55:01:00,1:01,1:01,ABSENT,ABSENT,1:01,1:01,5:01,5:01
1269,11:01,24:02:00,13:01,35:01:00,4:03,15:02,4*01:01,5*01:01,1:03,3:01,3:02,6:01
1255,1:01,3:01,35:03:00,37:01:00,10:01,11:08,3*02:02,ABSENT,1:01,5:01,3:01,5:01
1259,11:01,24:02:00,15:02,18:01,7:01,12:02,3*03:01,4*01:01,2:01,6:01,2:01,3:01
1267,2:11,11:01,40:06:00,40:06:00,4:02,15:01,4*01:01,5*01:01,1:03,3:01,3:02,6:01
1271,1:01,26:01:00,35:03:00,38:02:00,15:02,15:02,5*01:02,5*01:02,1:01,1:03,5:01,6:01
1266,2:11,3:01,15:12,27:05:00,9:01,10:01,4*01:01,ABSENT,1:01,3:01,3:03,5:01
1268,11:01,33:03:00,37:01:00,44:03:00,7:01,12:02,3*03:01,4*01:01,2:01,6:01,2:01,3:01
1270,3:01,33:03:00,27:05:00,35:01:00,9:01,15:02,4*01:01,5*01:02,1:03,3:01,3:03,6:01
1272,2:03,68:01:00,15:02,51:01:00,12:02,15:06,3*03:01,5*01:01,1:02,6:01,3:01,5:02
1274,24:02:00,33:03:00,44:03:00,52:01:00,4:01,7:01,4*01:01,4*01:01,2:01,3:01,2:01,3:01
1276,1:01,2:03,13:01,57:01:00,7:01,16:02,4*01:01,5*02:02,1:02,2:01,3:03,5:02
1150,1:01,2:01,15:17,38:02:00,15:01,15:02,5*01:01,5*01:02,1:02,1:03,6:01,6:01
1275,2:11,3:01,35:03:00,52:01:00,15:02,15:02,5*01:02,5*01:02,1:03,1:03,6:01,6:01
1277,3:01,11:01,15:02,35:01:00,14:01,15:02,3*02:02,5*01:02,1:01,1:03,5:03,6:01
1278,24:02:00,33:03:00,35:03:00,44:03:00,1:01,13:01,3*02:02,ABSENT,1:01,1:03,5:01,6:03
1280,1:01,2:03,35:01:00,51:01:00,4:08,7:01,4*01:01,4*01:01,2:01,3:01,2:01,3:01
1281,33:03:00,68:01:00,37:01:00,44:03:00,7:01,10:01,4*01:01,ABSENT,1:01,2:01,2:01,5:01
1282,1:01,1:01,57:01:00,57:01:00,7:01,7:01,4*01:01,4*01:01,2:01,2:01,3:03,3:03
1283,1:01,11:01,51:01:00,57:01:00,7:01,15:01,4*01:01,5*01:01,1:02,2:01,3:03,6:01
1284,33:03:00,33:03:00,13:01,15:02,12:02,15:02,3*03:01,5*01:02,1:01,6:01,3:01,5:01
1285,24:02:00,68:01:00,15:18,40:06:00,10:01,15:02,5*01:02,ABSENT,1:01,1:03,5:01,6:01
1286,3:01,24:02:00,15:08,35:01:00,1:01,4:03,4*01:01,ABSENT,1:01,3:01,3:02,5:01
1287,3:01,11:01,35:01:00,38:02:00,1:01,15:02,5*01:02,ABSENT,1:01,1:01,5:01,5:01
1289,33:03:00,68:01:00,35:03:00,44:03:00,14:04,15:02,3*02:02,5*01:02,1:01,1:03,5:03,6:01
1290,31:01:00,33:03:00,15:02,58:01:00,3:01,12:02,3*02:02,3*03:01,5:01,6:01,2:01,3:01
1291,2:11,33:03:00,35:03:00,44:03:00,7:03,10:01,4*01:01,ABSENT,1:01,2:01,2:01,5:01
1292,2:11,68:01:00,27:61,40:01:00,9:01,15:01,4*01:01,5*01:01,1:01,3:01,3:03,5:01
1293,2:03,26:01:00,38:02:00,52:01:00,15:02,15:02,5*01:02,5*01:02,1:01,1:03,5:01,6:01
1294,2:03,24:02:00,38:02:00,39:01:00,4:05,15:02,4*01:01,5*01:02,1:01,3:01,4:01,5:01
1295,11:01,24:02:00,18:01,35:08:00,13:01,15:02,3*03:01,5*01:02,1:03,1:03,5:03,6:03
1296,1:01,30:01:00,13:02,57:01:00,7:01,15:01,4*01:01,5*01:01,1:02,2:01,3:03,6:01
1297,11:01,24:02:00,7:02,48:01:00,7:01,12:01,3*01:01,4*01:01,2:01,5:01,2:01,3:01
1298,1:01,33:03:00,44:03:00,58:01:00,3:01,7:01,3*02:02,4*01:01,2:01,5:01,2:01,2:01
1299,2:16,33:03:00,44:03:00,51:01:00,4:01,7:01,4*01:01,4*01:01,2:01,3:01,2:01,3:02
1300,26:01:00,33:03:00,8:01,27:07:00,10:01,15:02,5*01:02,ABSENT,1:01,1:03,5:01,6:01
1301,33:03:00,33:03:00,38:02:00,57:01:00,11:01,15:04,3*02:02,5*01:01,1:02,5:01,3:01,5:02
1302,26:01:00,68:01:00,27:07:00,51:01:00,11:01,14:04,3*02:02,3*02:02,1:01,5:01,3:01,5:03
1303,1:01,30:01:00,13:02,57:01:00,7:01,7:01,4*01:01,4*01:01,2:01,2:01,2:01,3:03
1304,1:01,31:01:00,15:08,27:05:00,1:01,4:03,4*01:01,ABSENT,1:01,3:01,3:02,5:01
1305,11:01,33:03:00,58:01:00,58:01:00,7:01,15:02,4*01:01,5*01:02,1:03,2:01,2:01,6:01
1306,3:01,3:01,35:01:00,35:01:00,9:01,15:02,4*01:01,5*01:02,1:03,3:01,3:03,6:01
1307,24:02:00,31:12:00,7:02,7:02,7:01,11:08,3*02:02,4*01:01,2:01,5:01,2:01,3:01
1308,2:03,3:01,15:02,52:01:00,7:01,15:02,4*01:01,5*01:02,1:01,2:01,2:01,5:01
1309,24:17:00,68:01:00,13:01,15:02,12:02,15:02,3*03:01,5*01:02,1:03,6:01,3:01,6:01
1310,1:01,2:11,40:06:00,51:01:00,7:01,15:02,4*01:01,5*01:02,1:03,2:01,2:01,6:01
1311,11:01,33:03:00,35:01:00,44:03:00,1:01,7:01,4*01:01,ABSENT,1:01,2:01,2:01,5:01
1312,32:01:00,33:03:00,37:01:00,44:03:00,3:01,15:06,3*02:02,5*01:01,1:02,5:01,2:01,5:02
1313,3:01,11:03,35:01:00,38:02:00,14:04,15:02,3*02:02,5*01:02,1:01,1:03,5:03,6:01
1314,24:17:00,31:16:00,27:05:00,35:13:00,4:06,15:01,4*01:01,5*01:01,1:02,3:01,3:02,6:01
1315,1:01,33:03:00,44:03:00,57:01:00,7:01,7:01,4*01:01,4*01:01,2:01,2:01,2:01,3:03
1316,2:01,24:02:00,13:02,57:01:00,7:01,7:01,4*01:01,4*01:01,2:01,2:01,2:01,3:03
1317,11:01,33:03:00,15:32,35:NEW,1:01,12:02,3*03:01,ABSENT,1:01,6:01,3:01,5:01
1318,11:01,24:02:00,15:32,52:01:00,7:01,15:02,4*01:01,5*01:02,1:03,2:01,3:03,6:01
1319,11:01,24:17:00,15:02,18:01,12:01,15:02,3*02:02,5*01:02,1:03,5:01,3:01,6:01
1321,24:17:00,33:03:00,15:02,35:03:00,12:02,15:02,3*03:01,5*01:02,1:03,6:01,3:01,6:01
1322,11:01,68:01:00,27:05:00,52:01:00,14:04,14:19,3*02:02,3*02:02,1:01,5:01,3:01,5:03
1323,11:01,29:01:00,7:05,52:01:00,10:01,15:02,5*01:02,ABSENT,1:01,1:03,5:01,6:01
1324,2:03,33:03:00,15:17,39:01:00,4:05,7:01,4*01:01,4*01:01,2:01,3:01,3:03,4:01
1325,11:01,33:03:00,38:02:00,51:01:00,4:03,15:02,4*01:01,5*01:02,1:03,3:01,3:02,6:01
1326,2:06,68:01:00,37:01:00,55:01:00,7:01,14:04,3*02:02,4*01:01,1:01,2:01,3:03,5:03
1327,2:06,11:01,35:01:00,35:03:00,10:01,13:01,3*02:02,ABSENT,1:01,1:03,5:01,6:03
1328,3:01,33:03:00,44:03:00,52:01:00,7:01,12:02,3*03:01,4*01:01,2:01,6:01,2:01,3:01
1329,11:01,24:02:00,15:02,35:03:00,12:02,15:02,3*03:01,5*01:01,1:03,6:01,3:01,6:01
1330,2:03,24:02:00,35:03:00,38:02:00,10:01,15:01,5*01:01,ABSENT,1:01,1:02,5:01,6:01
1331,1:01,31:01:00,15:08,57:01:00,7:01,15:02,4*01:01,5*01:02,1:03,2:01,3:03,6:01
1332,2:01,11:01,7:02,35:03:00,3:01,15:01,3*02:02,5*01:01,1:02,5:01,2:01,6:02
1333,2:06,68:01:00,15:01,44:03:00,7:01,15:02,4*01:01,5*01:02,1:03,2:01,2:01,6:01
1334,1:01,2:03,13:01,57:01:00,7:01,16:02,4*01:01,5*02:02,1:02,2:01,3:03,5:02
1336,24:02:00,29:01:00,7:05,52:01:00,4:03,14:04,3*02:02,4*01:01,1:01,3:01,3:02,5:03
1337,33:03:00,33:03:00,15:01,15:02,4:05,15:06,4*01:01,5*01:01,1:02,3:01,4:02,5:02
1338,1:01,11:01,37:01:00,51:01:00,4:03,7:01,4*01:01,4*01:01,2:01,3:01,2:01,3:02
1339,1:01,3:02,52:01:00,58:01:00,4:04,15:02,4*01:03,5*01:02,1:03,3:01,3:02,6:01
1340,2:06,68:01:00,15:01,37:01:00,4:06,10:01,4*01:01,ABSENT,1:01,3:01,3:02,5:01
1341,31:01:00,68:01:00,15:08,35:03:00,4:03,7:01,4*01:01,4*01:01,2:01,3:01,2:01,3:02
1342,11:01,24:17:00,18:01,39:06:00,15:02,16:01,5*01:01,5*02:02,1:02,1:03,5:02,6:01
1343,2:06,33:03:00,15:25,44:03:00,7:01,15:02,4*01:01,5*01:02,1:01,2:01,2:01,5:01
1344,11:01,33:03:00,15:32,35:08:00,7:01,15:02,4*01:01,5*01:02,1:01,2:01,3:03,5:01
1346,24:02:00,24:02:00,51:06:00,52:01:00,4:01,15:01,4*01:01,5*01:01,1:02,3:01,3:02,5:02
1347,3:01,24:02:00,35:01:00,44:03:00,11:01,11:01,3*02:02,3*02:02,5:01,5:01,3:01,3:01
1348,1:01,30:01:00,13:02,57:01:00,7:01,7:01,4*01:01,4*01:01,2:01,2:01,2:01,3:03
1349,2:03,31:01:00,15:08,38:02:00,10:01,15:02,5*01:02,ABSENT,1:01,1:01,5:01,5:01
1350,1:01,33:03:00,15:25,44:03:00,7:01,8:03,4*01:01,ABSENT,2:01,6:01,2:01,3:01
1351,11:01,11:01,15:02,15:02,12:02,12:02,3*03:01,3*03:01,6:01,6:01,3:01,3:01
1352,1:01,24:02:00,37:01:00,40:06:00,10:01,15:01,5*01:01,ABSENT,1:01,1:02,5:01,6:01
1353,2:03,24:17:00,15:02,52:01:00,4:03,15:02,4*01:01,5*01:02,1:01,3:01,3:02,5:01
1354,11:01,11:01,15:02,15:02,15:02,15:02,5*01:01,5*01:02,1:03,1:03,5:03,6:01
1355,1:01,24:07:00,44:03:00,52:01:00,4:03,7:01,4*01:01,4*01:01,2:01,3:01,2:01,3:02
1356,2:01,24:02:00,35:03:00,51:01:00,4:04,7:01,4*01:01,4*01:01,2:01,3:01,2:01,3:02
1357,3:01,68:09:00,7:02,51:01:00,7:01,10:01,4*01:01,ABSENT,1:01,2:01,2:01,5:01
1358,31:01:00,33:03:00,15:08,44:03:00,4:03,7:01,4*01:01,4*01:01,2:01,3:01,2:01,3:02
1359,11:01,11:01,15:18,40:NEW,7:01,13:02,3*03:01,4*01:01,1:02,2:01,2:01,6:04
1360,33:03:00,33:03:00,44:03:00,44:03:00,4:03,7:01,4*01:01,4*01:01,2:01,3:01,2:01,3:02
1362,1:01,3:01,35:01:00,57:01:00,1:01,7:01,4*01:01,ABSENT,1:01,2:01,2:01,5:01
1363,2:03,26:01:00,27:05:00,38:02:00,1:01,4:03,4*01:01,ABSENT,1:01,3:01,3:02,5:01
1364,24:17:00,68:01:00,44:03:00,52:01:00,4:03,7:01,4*01:01,4*01:01,2:01,3:01,2:01,3:02
1365,2:06,68:01:00,15:18,27:05:00,10:01,15:02,5*01:03,ABSENT,1:01,1:01,5:01,5:02
1366,1:01,24:17:00,15:02,57:01:00,7:01,12:02,3*03:01,4*01:01,2:01,6:01,3:01,3:03
1367,24:02:00,32:01:00,27:05:00,27:07:00,7:01,15:02,4*01:01,5*01:02,1:03,2:01,2:01,6:01
1368,1:01,11:01,15:02,57:01:00,4:01,15:01,4*01:01,5*01:01,1:03,3:01,3:02,6:01
1369,2:06,11:01,52:01:00,58:01:00,3:01,7:01,3*02:02,4*01:01,2:01,5:01,2:01,3:03
1370,11:01,24:02:00,15:02,35:03:00,7:01,12:02,3*03:01,4*01:01,2:01,6:01,3:01,3:03
1371,3:01,11:01,15:02,35:03:00,7:01,15:01,4*01:01,5*01:01,1:02,2:01,2:01,6:01
1372,1:01,33:03:00,44:03:00,57:01:00,7:01,7:01,4*01:01,4*01:01,2:01,2:01,2:01,3:03
1373,33:03:00,33:03:00,35:03:00,44:03:00,7:01,15:04,4*01:01,5*01:01,1:02,2:01,2:01,5:02
1375,24:02:00,33:03:00,44:03:00,51:02:00,12:02,15:02,3*03:01,5*01:02,1:03,6:01,3:01,6:01
1376,2:01,24:02:00,18:01,40:06:00,7:01,14:04,3*02:02,4*01:01,1:01,2:01,3:03,5:03
1377,24:02:00,24:02:00,15:10,27:07:00,4:05,10:01,4*01:01,ABSENT,1:01,3:01,4:02,5:01
1378,2:03,24:02:00,15:02,35:03:00,13:01,15:02,3*02:02,5*01:02,1:01,1:03,5:01,6:03
1379,1:01,31:01:00,15:08,57:01:00,7:01,11:06,3*02:02,4*01:01,2:01,5:01,3:01,3:03
1380,11:01,68:01:00,15:02,35:03:00,13:01,15:01,3*01:01,5*01:01,1:02,1:03,6:01,6:03
1381,33:03:00,33:03:00,44:03:00,44:03:00,7:01,7:01,4*01:01,4*01:01,2:01,2:01,2:01,2:01
1382,11:01,68:01:00,44:03:00,52:01:00,7:01,7:01,4*01:01,4*01:01,2:01,2:01,2:01,3:03
1383,1:01,11:01,35:03:00,38:02:00,12:02,13:01,3*02:02,3*03:01,1:03,6:01,3:01,6:03
1384,24:02:00,33:03:00,27:07:00,44:03:00,4:06,15:01,4*01:01,5*01:01,1:02,3:01,3:02,6:02
1385,33:03:00,33:03:00,58:01:00,58:01:00,7:01,15:02,4*01:01,5*01:02,1:03,2:01,2:01,5:03
1386,11:01,11:01,15:01,55:01:00,13:01,15:06,3*02:02,5*01:01,1:02,1:03,5:02,6:03
1387,1:01,11:01,27:05:00,52:01:00,11:01,14:04,3*02:02,3*02:02,1:01,5:01,3:01,5:03
1388,26:01:00,32:01:00,8:01,15:01,10:01,15:02,5*01:02,ABSENT,1:01,1:03,5:01,6:01
1389,11:01,11:03,35:01:00,52:01:00,4:01,15:04,4*01:01,5*01:01,1:02,3:01,3:01,5:02
1390,24:02:00,31:01:00,15:08,35:03:00,4:03,13:01,3*02:02,4*01:01,1:03,3:01,3:02,6:03
1391,3:01,33:03:00,15:02,27:05:00,9:01,12:02,3*03:01,4*01:01,3:01,6:01,3:01,3:03
1392,24:02:00,68:01:00,38:02:00,40:01:00,13:01,15:02,3*02:02,5*01:02,1:01,1:03,5:01,6:03
1393,2:01,33:03:00,40:01:00,44:03:00,7:01,15:01,4*01:01,5*01:01,1:02,2:01,2:01,6:02
1394,24:02:00,33:03:00,44:03:00,51:06:00,7:01,12:02,3*03:01,4*01:01,2:01,6:01,2:01,3:01
1395,3:01,11:01,35:01:00,35:03:00,11:01,15:02,3*02:02,5*01:02,1:03,5:01,3:01,6:01
1396,1:01,2:20,15:17,50:01:00,3:01,13:02,3*02:02,3*03:01,1:02,5:01,2:01,06:NEW
1397,24:02:00,31:01:00,52:01:00,55:01:00,7:01,15:02,4*01:01,5*01:02,1:03,2:01,3:03,6:01
1398,11:01,11:01,15:32,52:01:00,12:02,13:01,3*01:01,3*03:01,1:02,1:03,5:02,6:03
1399,1:01,11:01,15:02,15:17,7:01,15:01,4*01:01,5*01:01,1:02,2:01,2:01,6:01
1400,11:01,11:01,40:06:00,52:01:00,7:01,15:02,4*01:01,5*01:02,1:03,2:01,3:03,6:01
1404,1:01,1:01,15:02,15:17,4:06,13:02,3*03:01,4*01:01,1:02,3:01,3:02,6:04
1405,3:01,68:01:00,15:18,35:01:00,10:01,14:07,3*02:02,ABSENT,1:01,1:01,5:01,5:03
1406,2:06,24:03:00,39:01:00,40:06:00,15:01,15:02,5*01:01,5*01:02,1:03,1:03,5:03,6:01
1407,33:03:00,33:03:00,15:25,35:01:00,3:01,4:03,3*02:02,4*01:01,3:01,5:01,2:01,3:02
1408,30:01:00,68:01:00,13:02,52:01:00,7:01,15:01,4*01:01,5*01:01,1:02,2:01,2:01,6:01
1409,1:01,11:01,15:02,55:01:00,8:03,12:02,3*03:01,ABSENT,6:01,6:01,3:01,3:01
1410,1:01,2:11,52:01:00,57:01:00,7:03,15:02,4*01:01,5*01:02,1:03,2:01,2:01,6:01
1411,32:01:00,33:03:00,35:03:00,44:03:00,1:01,7:01,4*01:01,ABSENT,1:01,2:01,2:01,5:01
1413,11:01,29:01:00,7:05,38:02:00,10:01,15:02,5*01:02,ABSENT,1:01,1:01,5:01,5:01
1414,11:01,31:01:00,15:08,37:01:00,4:03,7:01,4*01:01,4*01:01,2:01,3:01,3:02,3:03
1415,2:11,32:01:00,35:01:00,40:06:00,7:01,15:06,4*01:01,5*01:01,1:02,2:01,3:02,5:02
1416,11:01,33:03:00,35:01:00,51:01:00,1:01,14:04,3*02:02,ABSENT,1:01,1:01,5:01,5:03
1417,11:01,74:01:00,15:02,38:02:00,12:02,15:01,3*03:01,5*01:01,1:02,6:01,3:01,5:02
1418,11:01,24:17:00,15:32,38:02:00,7:01,15:02,4*01:01,5*01:03,1:01,2:01,2:01,5:02
1419,11:01,26:01:00,27:05:00,40:01:00,10:01,15:01,5*01:01,ABSENT,1:01,1:02,5:01,6:01
1420,2:11,68:01:00,7:02,15:12,15:02,15:02,5*01:02,5*01:03,1:01,1:03,5:02,6:01
1421,1:01,24:02:00,44:03:00,52:01:00,4:03,7:01,4*01:01,4*01:01,2:01,3:01,2:01,3:02
1422,11:01,24:02:00,15:02,35:03:00,7:01,12:02,3*03:01,4*01:01,2:01,6:01,3:01,3:03
1423,3:01,11:01,15:02,35:01:00,15:02,15:06,5*01:01,5*01:02,1:01,1:02,5:01,5:02
1424,1:01,11:01,40:06:00,58:01:00,14:04,15:01,3*02:02,5*01:01,1:01,1:02,5:03,6:02
1425,2:03,31:01:00,38:02:00,44:03:00,7:01,15:02,4*01:01,5*01:02,1:01,2:01,2:01,5:01
1426,2:01,11:01,44:03:00,58:01:00,7:01,13:02,3*03:01,4*01:01,1:02,2:01,3:03,6:09
1427,11:01,33:03:00,35:01:00,44:03:00,1:01,7:01,4*01:01,ABSENT,1:01,2:01,2:01,5:01
1428,1:01,2:03,44:03:00,52:01:00,15:02,15:02,5*01:02,5*01:02,1:03,1:03,6:01,6:01
1430,1:01,11:01,35:03:00,57:01:00,7:01,12:02,3*03:01,4*01:01,2:01,6:01,3:01,3:03
1431,11:01,11:01,15:01,52:01:00,12:02,15:02,3*03:01,5*01:02,1:03,6:01,6:01,03:NEW
1432,11:01,24:02:00,15:25,57:01:00,15:01,15:02,5*01:01,5*01:02,1:02,1:03,6:01,6:01
1434,2:11,33:03:00,7:02,38:02:00,15:02,15:02,5*01:02,5*01:02,1:01,1:03,5:01,6:01
1435,33:03:00,33:03:00,44:03:00,44:03:00,7:01,13:02,3*03:01,4*01:01,1:02,2:01,2:01,6:09
1436,1:01,1:01,15:17,57:01:00,7:01,12:02,3*03:01,4*01:01,1:02,2:01,2:01,5:02
1437,1:01,68:01:00,7:02,15:32,4:03,15:02,4*01:01,5*01:01,1:03,3:01,3:02,6:01
1438,2:03,24:02:00,7:02,15:02,15:02,15:02,5*01:02,5*01:02,1:01,1:03,5:01,6:01
1439,11:01,33:03:00,35:01:00,44:03:00,7:01,15:02,4*01:01,5*01:02,1:03,2:01,2:01,6:01
1440,2:01,2:01,15:01,27:05:00,14:04,15:01,3*02:02,5*01:01,1:01,1:02,6:01,6:02
1441,1:01,11:01,40:01:00,52:01:00,7:01,14:04,3*02:02,4*01:01,1:01,2:01,3:03,5:03
1442,1:01,11:01,38:02:00,57:01:00,7:01,15:01,4*01:01,5*01:01,1:02,2:01,3:03,6:01
1443,11:01,33:03:00,51:01:00,52:01:00,4:02,15:02,4*01:01,5*01:02,1:03,3:01,3:02,6:01
1445,11:01,33:03:00,15:02,44:03:00,7:01,12:02,3*03:01,4*01:01,2:01,6:01,2:01,3:01
1446,2:03,74:01:00,13:01,15:25,4:05,15:01,4*01:01,5*01:01,1:02,3:01,4:02,5:02
1447,2:06,32:01:00,15:02,15:02,7:01,15:01,4*01:01,5*01:01,1:02,2:01,3:03,6:01
1448,32:01:00,68:01:00,27:05:00,27:05:00,4:01,4:03,4*01:01,4*01:01,3:01,3:01,3:02,3:02
1449,2:11,11:01,35:01:00,52:01:00,4:06,10:01,4*01:01,ABSENT,1:01,3:01,3:02,5:01
1450,11:01,33:03:00,15:02,44:03:00,7:01,15:01,4*01:01,5*01:01,1:02,2:01,2:01,6:01
1451,11:01,26:01:00,15:02,35:03:00,10:01,15:01,5*01:01,ABSENT,1:01,1:02,5:01,6:01
1452,3:01,33:03:00,40:01:00,44:03:00,4:03,7:01,4*01:01,4*01:01,2:01,3:01,2:01,3:02
1453,1:01,33:03:00,7:02,57:01:00,7:01,11:06,3*02:02,4*01:01,2:01,5:01,3:01,3:03
1454,11:03,33:03:00,52:01:00,58:01:00,4:01,4:08,4*01:01,4*01:01,3:01,3:01,3:01,3:02
1455,1:01,2:01,15:02,35:03:00,12:02,15:02,3*03:01,5*01:02,1:03,6:01,3:01,6:01
1456,11:01,33:03:00,15:02,15:32,12:02,12:02,3*03:01,3*03:01,6:01,6:01,3:01,3:01
1457,2:11,33:03:00,35:03:00,58:01:00,3:01,16:02,3*02:02,5*02:02,1:02,5:01,2:01,5:02
1458,11:01,33:03:00,40:06:00,58:01:00,3:01,4:05,3*02:02,4*01:01,1:02,5:01,2:01,5:02
1459,24:30:00,31:01:00,15:08,27:04:00,11:01,12:02,3*02:02,3*03:01,1:02,5:01,3:01,5:02
1460,1:01,11:01,52:01:00,57:01:00,7:01,15:02,4*01:01,5*01:02,1:03,2:01,3:03,6:01
1461,11:01,33:03:00,35:03:00,58:01:00,3:01,10:01,3*02:02,ABSENT,1:01,5:01,2:01,5:01
1462,29:01:00,33:03:00,44:03:00,52:01:00,7:01,15:02,4*01:01,5*01:02,1:03,2:01,2:01,6:01
1463,2:01,31:01:00,15:08,35:01:00,11:01,15:02,3*02:02,5*01:02,1:03,5:01,3:01,6:01
1464,2:11,33:03:00,15:17,51:01:00,13:02,14:04,3*02:02,3*03:01,1:01,1:02,5:03,6:04
1465,11:01,11:01,15:02,58:01:00,3:01,15:01,3*02:02,5*01:01,1:02,5:01,2:01,6:01
1466,3:01,11:01,15:32,35:03:00,13:01,15:02,3*02:02,5*01:02,1:01,1:03,5:01,6:03
1467,2:03,11:01,38:02:00,44:03:00,7:01,15:02,4*01:01,5*01:02,1:01,2:01,2:01,5:01
1468,2:01,33:03:00,7:02,44:03:00,7:01,15:02,4*01:01,5*01:02,1:01,2:01,2:01,5:01
1469,11:01,26:01:00,52:01:00,52:01:00,4:03,15:02,4*01:01,5*01:02,1:03,3:01,3:02,6:01
1470,24:02:00,24:02:00,40:06:00,51:02:00,7:01,7:01,4*01:01,4*01:01,2:01,2:01,3:03,3:03
1471,33:03:00,68:01:00,35:03:00,52:01:00,15:02,15:02,5*01:02,5*01:02,1:03,1:03,6:01,6:01
1472,1:01,2:03,13:01,57:01:00,7:01,15:02,4*01:01,5*01:02,1:01,2:01,3:03,5:01
1473,32:01:00,33:03:00,49:01:00,58:01:00,11:11,15:02,3*02:02,5*01:02,1:03,5:01,3:01,6:01
1475,11:01,68:01:00,15:25,27:05:00,4:03,15:04,4*01:01,5*01:01,1:02,3:01,3:02,5:02
1476,1:01,33:03:00,7:05,44:03:00,7:01,15:01,4*01:01,5*01:01,1:03,2:01,2:01,6:01
1477,26:01:00,33:03:00,15:32,58:01:00,7:01,12:02,3*03:01,4*01:01,2:01,6:01,2:01,3:01
1479,2:03,68:01:00,7:02,52:01:00,7:01,7:01,4*01:01,4*01:01,2:01,2:01,2:01,2:01
1480,3:01,33:03:00,40:06:00,51:01:00,4:02,7:01,4*01:01,4*01:01,2:01,3:01,3:02,3:03
1481,24:02:00,26:01:00,38:01:00,40:06:00,11:01,14:04,3*02:02,3*02:02,1:01,5:01,3:01,5:03
1482,33:03:00,33:03:00,15:01,44:03:00,7:01,7:01,4*01:01,4*01:01,2:01,2:01,2:01,2:01
1483,2:11,26:01:00,40:06:00,44:03:00,7:01,15:01,4*01:01,5*01:01,1:03,2:01,2:01,6:01
1484,2:06,68:01:00,7:02,51:02:00,7:01,10:01,4*01:01,ABSENT,1:01,2:01,2:01,5:01
1485,2:11,11:01,15:02,15:12,14:04,15:02,3*02:02,5*01:03,1:01,1:01,5:02,5:03
1486,1:01,24:07:00,52:01:00,57:01:00,4:03,7:01,4*01:01,4*01:01,2:01,3:01,3:02,3:03
1487,33:03:00,68:01:00,40:06:00,44:03:00,7:01,15:02,4*01:01,5*01:02,1:03,2:01,2:01,5:03
1488,11:01,33:03:00,35:03:00,44:03:00,3:01,7:01,3*02:02,4*01:01,2:01,5:01,2:01,02:NEW
1492,33:03:00,68:01:00,13:01,58:01:00,7:01,12:02,3*03:01,4*01:01,2:01,6:01,2:01,3:01
1444,3:01,33:03:00,44:03:00,52:01:00,7:01,15:01,4*01:01,5*01:01,1:02,2:01,3:03,6:01
1489,24:02:00,24:17:00,15:02,57:01:00,7:01,15:01,4*01:01,5*01:01,1:02,2:01,2:01,6:01
1490,1:01,1:01,35:01:00,38:02:00,7:01,15:01,4*01:01,5*01:01,1:02,2:01,2:01,6:01
1491,11:01,24:02:00,15:02,52:01:00,4:01,11:01,3*02:02,4*01:01,3:01,5:01,3:01,3:02
1493,24:02:00,33:03:00,7:05,52:01:00,15:01,15:02,5*01:01,5*01:02,1:03,1:03,5:03,6:01
1494,11:01,24:02:00,15:02,51:01:00,4:01,12:02,3*03:01,4*01:01,3:01,6:01,3:01,3:02
1495,1:01,68:01:00,51:01:00,56:01:00,11:01,15:02,3*02:02,5*01:02,1:03,5:01,3:01,6:01
1498,11:01,24:02:00,40:06:00,52:01:00,15:02,16:02,5*01:02,5*02:02,1:02,1:03,5:02,6:01
1502,24:02:00,33:03:00,44:03:00,52:01:00,7:01,13:01,3*01:01,4*01:01,1:03,2:01,2:01,6:03
1503,1:01,11:01,35:03:00,52:01:00,7:01,7:01,4*01:01,4*01:01,2:01,2:01,2:01,2:01
1496,3:01,11:01,40:01:00,52:01:00,15:02,15:02,5*01:02,5*01:02,1:01,1:03,5:01,6:01
1500,1:01,33:03:00,44:03:00,57:01:00,7:01,7:01,4*01:01,4*01:01,2:01,2:01,2:01,3:03
1501,2:06,24:02:00,15:02,35:01:00,12:02,15:01,3*03:01,5*01:01,1:02,6:01,3:01,6:01
1499,33:03:00,68:01:00,44:03:00,15:NEW,7:01,14:04,3*02:02,4*01:01,1:01,2:01,2:01,5:03
1507,2:03,33:03:00,57:01:00,58:01:00,3:01,7:01,3*02:02,4*01:01,2:01,5:01,2:01,3:03
1504,2:03,24:02:00,15:02,15:08,7:01,15:02,4*01:01,5*01:02,1:01,2:01,2:01,5:01
1505,1:01,11:01,44:03:00,58:01:00,3:01,12:02,3*02:02,3*03:01,5:01,6:01,2:01,3:01
1508,33:03:00,33:03:00,15:02,51:01:00,4:03,15:01,4*01:01,5*01:01,1:02,3:01,3:02,6:01
1512,24:07:00,31:01:00,35:05:00,52:01:00,12:02,15:02,3*03:01,5*01:02,1:03,6:01,3:01,5:03
1513,2:01,2:03,15:02,44:03:00,7:01,15:02,4*01:01,5*01:02,1:01,2:01,2:01,5:01
1514,30:01:00,32:01:00,13:02,40:06:00,7:01,15:01,4*01:01,5*01:01,1:03,2:01,2:01,6:01
1515,33:03:00,33:03:00,44:03:00,44:03:00,7:01,7:01,4*01:01,4*01:01,2:01,2:01,2:01,2:01
1506,2:20,31:16:00,35:03:00,57:01:00,3:01,7:01,3*02:02,4*01:01,2:01,5:01,2:01,3:03
1516,24:02:00,24:07:00,35:03:00,35:05:00,11:01,12:02,3*02:02,3*03:01,5:01,6:01,3:01,3:01
1509,1:01,11:01,35:01:00,57:01:00,11:01,16:02,3*02:02,5*02:02,1:02,5:01,3:01,5:02
1510,2:01,33:03:00,7:02,58:01:00,15:01,15:02,5*01:01,5*01:02,1:02,1:03,6:01,6:02
1511,3:01,33:03:00,15:02,51:01:00,13:01,15:02,3*01:01,5*01:02,1:01,1:03,5:01,6:03
1518,2:03,24:02:00,7:05,38:02:00,15:01,15:02,5*01:01,5*01:02,1:01,1:03,5:01,6:01
1519,2:01,11:01,27:05:00,56:01:00,4:05,11:01,3*02:02,4*01:01,3:01,5:01,3:01,4:01
1520,24:07:00,68:01:00,15:25,37:01:00,4:03,10:01,4*01:01,ABSENT,1:01,3:01,3:02,5:01
1526,26:01:00,33:03:00,44:03:00,52:01:00,4:03,15:02,4*01:01,5*01:02,1:03,3:01,3:02,6:01
1517,1:01,68:01:00,13:01,15:17,14:04,15:02,3*02:02,5*01:02,1:01,1:03,5:03,6:01
1525,11:01,33:03:00,44:03:00,52:01:00,7:01,11:01,3*02:02,4*01:01,2:01,5:01,2:01,3:01
1523,1:01,3:01,35:01:00,57:01:00,7:01,7:01,4*01:01,4*01:01,2:01,2:01,2:01,3:03
1524,11:01,33:03:00,35:03:00,44:03:00,7:01,11:01,3*02:02,4*01:01,2:01,5:01,2:01,3:01
1527,2:11,24:07:00,40:06:00,44:03:00,7:01,7:01,4*01:01,4*01:01,2:01,2:01,2:01,3:03
1530,11:01,24:02:00,15:02,35:03:00,7:01,13:01,3*02:02,4*01:01,1:03,2:01,3:03,6:03
1531,33:03:00,33:03:00,15:02,44:03:00,7:01,12:02,3*03:01,4*01:01,2:01,6:01,2:01,3:01
1521,26:01:00,33:03:00,27:05:00,58:01:00,3:01,4:04,3*02:02,4*01:01,3:01,5:01,2:01,3:02
1522,2:01,33:03:00,15:08,44:03:00,4:03,7:01,4*01:01,4*01:01,2:01,3:01,2:01,3:02
1529,3:01,3:01,35:01:00,35:03:00,4:03,14:01,3*02:02,4*01:01,1:01,3:01,3:02,5:03
1532,11:01,33:03:00,15:02,40:06:00,14:04,15:01,3*02:02,5*01:01,1:01,1:02,5:03,6:01
1536,3:01,11:01,35:01:00,57:01:00,1:01,7:01,4*01:01,ABSENT,1:01,2:01,3:03,5:01
1534,32:01:00,33:03:00,35:03:00,35:08:00,10:01,15:01,5*01:01,ABSENT,1:01,1:03,5:01,6:01
1535,11:01,11:03,52:01:00,58:01:00,4:01,12:02,3*03:01,4*01:01,1:02,3:01,3:01,5:02
1537,3:01,32:01:00,27:05:00,40:06:00,15:01,15:01,5*01:01,5*01:01,1:02,1:03,6:01,6:01
1539,2:03,11:01,15:02,15:02,12:02,15:02,3*03:01,5*01:02,1:01,6:01,3:01,5:01
1543,1:01,11:01,57:01:00,57:01:00,7:01,7:01,4*01:01,4*01:01,2:01,2:01,3:03,3:03
1541,24:02:00,24:02:00,7:02,35:03:00,7:01,10:01,4*01:01,ABSENT,1:01,2:01,3:03,5:01
1540,1:01,11:01,27:05:00,52:01:00,4:04,15:02,4*01:01,5*01:02,1:03,3:01,3:02,6:01
1538,11:01,31:01:00,15:02,52:01:00,12:02,15:02,3*03:01,5*01:02,1:03,6:01,3:01,6:01
1542,29:01:00,33:03:00,7:05,44:03:00,1:01,10:01,ABSENT,ABSENT,1:01,1:01,5:01,5:01
1545,1:01,29:01:00,7:02,44:03:00,4:03,7:01,4*01:01,4*01:01,2:01,3:01,2:01,3:02
1546,3:01,3:01,35:01:00,44:03:00,7:01,15:01,4*01:01,5*01:01,1:02,2:01,2:01,6:01
1544,32:01:00,68:01:00,44:03:00,57:01:00,7:01,12:02,3*03:01,4*01:01,2:01,6:01,3:01,3:03
1548,31:16:00,33:03:00,35:03:00,44:03:00,3:01,7:01,3*02:02,4*01:01,2:01,5:01,2:01,2:01
1551,24:02:00,74:01:00,35:01:00,38:02:00,15:01,15:04,5*01:01,5*01:01,1:02,1:02,5:02,6:01
1549,11:01,33:03:00,44:03:00,55:01:00,1:01,15:02,5*01:02,ABSENT,1:01,1:03,5:01,6:01
1550,24:07:00,68:01:00,35:05:00,52:01:00,12:02,12:02,3*03:01,3*03:01,6:01,6:01,3:01,3:01
1558,33:03:00,68:01:00,15:02,44:03:00,7:01,12:02,3*03:01,4*01:01,2:01,6:01,2:01,3:01
1553,3:02,33:03:00,35:01:00,57:01:00,1:01,7:01,4*01:03,ABSENT,1:01,2:01,3:03,5:01
1554,2:03,24:02:00,38:02:00,44:02:00,12:02,15:02,3*03:01,5*01:02,1:02,1:03,5:02,6:01
1555,3:01,68:01:00,35:01:00,35:03:00,4:08,15:02,4*01:01,5*01:02,1:03,3:01,3:04,6:01
1557,24:07:00,33:03:00,15:02,15:25,12:02,14:04,3*02:02,3*03:01,1:01,6:01,3:01,05:NEW
1559,1:01,33:03:00,44:03:00,57:01:00,10:01,12:01,3*01:01,ABSENT,1:01,6:01,3:01,5:01
1562,2:01,24:02:00,15:02,40:01:00,10:01,15:01,5*01:01,ABSENT,1:01,1:03,5:01,6:01
1556,2:01,11:01,35:01:00,55:01:00,7:01,11:01,3*02:02,4*01:01,2:01,5:01,2:01,3:01
1561,11:01,33:03:00,15:02,44:03:00,7:01,15:02,4*01:01,5*01:02,1:02,2:01,2:01,5:02
1563,24:02:00,33:03:00,7:05,44:03:00,7:01,15:01,4*01:01,5*01:01,1:03,2:01,2:01,6:01
1564,1:01,33:03:00,57:01:00,58:01:00,3:01,7:01,3*02:02,4*01:01,2:01,5:01,2:01,3:03
1560,1:01,24:02:00,15:05,57:01:00,10:01,12:02,3*03:01,ABSENT,1:01,6:01,3:01,5:01
1569,2:03,2:03,38:02:00,38:02:00,15:02,15:02,5*01:02,5*01:03,1:01,1:01,5:01,5:02
1571,11:01,24:02:00,7:02,40:06:00,4:03,14:04,3*02:02,4*01:01,1:01,3:01,3:05,5:03
1572,24:02:00,68:01:00,44:06:00,52:01:00,4:03,15:02,4*01:01,5*01:02,1:03,3:01,3:02,6:01
1565,11:01,68:01:00,35:03:00,52:01:00,7:01,7:01,4*01:01,4*01:01,2:01,2:01,2:01,2:01
1567,11:01,68:01:00,15:32,51:01:00,15:01,15:04,5*01:01,5*01:01,1:02,1:02,5:02,6:02
1573,1:01,1:01,37:01:00,57:01:00,7:01,10:01,4*01:01,ABSENT,1:01,2:01,3:03,5:01
1570,11:01,11:03,40:26:00,44:03:00,7:01,16:02,4*01:01,5*02:02,1:02,2:01,2:01,5:02
1566,3:01,68:01:00,27:05:00,44:03:00,7:01,16:02,4*01:01,5*02:02,2:01,2:01,2:01,3:03
1568,2:06,11:01,52:01:00,57:01:00,7:01,12:02,3*03:01,4*01:01,2:01,6:01,3:01,3:03
1574,2:03,24:02:00,8:01,38:02:00,15:02,15:04,5*01:01,5*01:02,1:02,1:03,5:02,6:01
1576,1:01,24:07:00,52:01:00,58:01:00,3:01,10:01,3*02:02,ABSENT,1:01,5:01,2:01,5:01
1577,1:01,24:07:00,52:01:00,57:01:00,7:01,7:01,4*01:01,4*01:01,2:01,2:01,2:01,3:03
1581,11:01,33:03:00,13:01,15:02,12:02,15:06,3*03:01,5*01:01,1:02,6:01,3:01,5:02
1580,33:03:00,33:03:00,44:03:00,58:01:00,7:01,15:01,4*01:01,5*01:01,1:02,2:01,2:01,6:02
1578,1:03,33:03:00,35:01:00,44:03:00,7:01,14:04,3*02:02,4*01:01,1:01,2:01,2:01,5:03
1579,11:01,33:03:00,44:03:00,52:01:00,4:03,7:01,4*01:01,4*01:01,2:01,3:01,2:01,3:02
1583,11:01,33:03:00,44:03:00,58:01:00,3:01,7:01,3*02:02,4*01:01,2:01,5:01,2:01,2:01
1575,11:01,33:03:00,52:01:00,57:NEW,4:03,7:01,4*01:01,4*01:01,2:01,3:01,3:02,3:03
1582,3:01,33:03:00,40:06:00,44:02:00,7:01,15:01,4*01:01,5*01:01,1:03,2:01,3:03,6:01
1584,2:03,11:01,15:02,52:01:00,15:02,15:02,5*01:02,5*01:02,1:01,1:03,5:01,6:01
1587,11:01,24:02:00,15:01,18:01,4:03,4:06,4*01:01,4*01:01,3:01,3:01,3:02,3:02
1589,2:01,68:01:00,40:06:00,51:01:00,1:01,15:20,5*01:01,ABSENT,1:01,1:02,5:01,5:03
1585,11:01,68:01:00,35:03:00,51:01:00,8:02,14:10,3*02:02,ABSENT,1:01,4:01,4:02,5:03
1590,24:02:00,33:03:00,15:02,52:01:00,15:02,16:02,5*01:02,5*02:02,1:02,1:03,5:02,6:01
1592,11:01,24:17:00,15:02,15:32,12:02,15:01,3*03:01,5*01:01,1:02,6:01,3:01,6:01
1588,33:03:00,68:01:00,15:02,44:03:00,7:01,15:02,4*01:01,5*01:02,1:03,2:01,2:01,6:01
1593,11:01,11:01,37:01:00,52:01:00,10:01,15:02,5*01:02,ABSENT,1:01,1:03,5:01,6:01
1595,24:07:00,33:03:00,44:03:00,52:01:00,7:01,14:04,3*02:02,4*01:01,1:01,2:01,2:01,5:03
1591,11:01,31:01:00,15:32,18:01,7:01,15:02,4*01:01,5*01:03,1:01,2:01,2:01,5:02
1596,11:01,24:07:00,13:01,15:02,4:05,4:05,4*01:01,4*01:01,3:01,3:01,4:02,4:02
1597,2:16,11:01,7:05,35:03:00,7:01,15:02,4*01:01,5*01:02,1:03,2:01,3:03,6:01
1594,2:03,33:03:00,15:25,44:03:00,7:01,12:02,3*03:01,4*01:01,2:01,6:01,2:01,3:01
1600,24:17:00,24:17:00,35:01:00,52:01:00,7:01,15:04,4*01:01,5*01:01,1:02,2:01,2:01,5:02
1586,1:01,2:11,13:01,15:05,10:01,14:04,3*02:02,ABSENT,1:01,1:01,5:01,5:03
1598,11:01,33:03:00,37:01:00,44:03:00,7:01,11:01,3*02:02,4*01:01,2:01,5:01,2:01,3:01
1605,1:01,33:03:00,37:01:00,38:02:00,10:01,15:02,5*01:02,ABSENT,1:01,1:01,5:01,5:01
1599,11:01,33:03:00,35:01:00,44:03:00,7:01,7:01,4*01:01,4*01:01,2:01,2:01,2:01,3:03
1604,32:01:00,33:03:00,8:01,44:03:00,3:01,7:01,3*02:02,4*01:01,2:01,5:01,2:01,2:01
1610,11:01,11:01,15:02,52:01:00,12:02,15:02,3*03:01,5*01:02,1:03,6:01,3:01,6:01
1603,24:02:00,33:03:00,38:02:00,44:03:00,7:01,15:02,4*01:01,5*01:02,1:01,2:01,2:01,5:01
1609,24:07:00,26:01:00,8:01,35:05:00,10:01,12:02,3*03:01,ABSENT,1:01,6:01,3:01,5:01
1602,1:01,3:01,27:05:00,35:03:00,9:01,15:01,4*01:01,5*01:01,1:02,3:01,3:03,6:01
1601,2:11,3:01,27:05:00,57:01:00,7:01,15:02,4*01:01,5*01:02,1:03,2:01,3:03,6:01
1606,3:01,11:01,44:03:00,57:01:00,7:01,7:01,4*01:01,4*01:01,2:01,2:01,2:01,3:03
1607,1:01,33:03:00,38:02:00,57:01:00,7:01,7:01,4*01:01,4*01:01,2:01,2:01,2:01,3:03
1611,1:01,11:01,51:01:00,52:01:00,4:03,15:02,4*01:01,5*01:01,1:03,3:01,3:02,6:01
1616,11:01,24:02:00,15:25,40:06:00,15:01,15:02,5*01:01,5*01:02,1:03,1:03,6:01,6:01
1612,1:01,24:02:00,35:01:00,51:01:00,10:01,10:01,ABSENT,ABSENT,1:01,1:01,5:01,5:01
1613,11:01,33:03:00,35:03:00,44:03:00,7:01,7:01,4*01:01,4*01:01,2:01,2:01,2:01,2:01
1615,33:03:00,33:03:00,35:08:00,44:03:00,7:01,10:01,4*01:01,ABSENT,1:01,2:01,2:01,5:01
1622,2:11,24:02:00,13:01,15:05,14:04,15:02,3*02:02,5*01:02,1:01,1:03,5:03,6:01
1614,2:06,2:11,13:01,35:03:00,12:01,12:02,3*02:02,3*03:01,5:01,6:01,3:01,3:01
1617,1:01,33:03:00,7:02,44:03:00,7:01,7:01,4*01:01,4*01:01,2:01,2:01,2:01,2:01
1619,1:01,24:02:00,15:01,37:01:00,7:01,10:01,4*01:01,ABSENT,1:01,2:01,2:01,5:01
1621,1:01,1:01,57:01:00,57:01:00,7:01,9:01,4*01:01,4*01:01,2:01,3:01,3:03,3:03
1623,2:11,11:01,35:01:00,44:03:00,7:01,10:01,4*01:01,ABSENT,1:01,2:01,2:01,5:01
1624,2:11,11:01,44:03:00,44:03:00,7:01,7:01,4*01:01,4*01:01,2:01,2:01,2:01,2:01
1626,1:01,3:01,15:08,35:01:00,7:01,15:02,4*01:01,5*01:02,1:03,2:01,3:03,6:01
1628,24:07:00,33:03:00,35:05:00,44:03:00,12:02,15:02,3*03:01,5*01:02,1:03,6:01,3:01,6:01
1627,11:01,26:01:00,15:02,44:02:00,12:02,15:01,3*03:01,5*01:01,1:02,6:01,3:01,6:01
1629,11:01,11:01,13:01,40:06:00,14:04,15:01,3*02:02,5*01:01,1:01,1:02,5:03,6:01
1625,11:01,33:03:00,40:01:00,52:01:00,15:02,15:02,5*01:02,5*01:02,1:03,1:03,6:01,6:01
1630,24:02:00,68:01:00,40:06:00,40:06:00,11:01,15:01,3*02:02,5*01:01,1:03,5:01,3:01,6:01
1618,24:02:00,33:03:00,13:01,52:01:00,11:01,12:02,3*02:02,3*03:01,5:01,6:01,3:01,3:01
1631,1:01,2:11,15:08,57:01:00,4:03,7:01,4*01:01,4*01:01,2:01,3:01,3:02,3:03
1632,2:11,33:03:00,35:03:00,44:03:00,7:01,10:01,4*01:01,ABSENT,1:01,2:01,2:01,5:01
1633,1:01,3:01,27:05:00,51:01:00,4:03,13:01,3*01:01,4*01:01,1:03,3:01,3:02,6:03
1635,11:01,24:02:00,40:06:00,51:01:00,4:02,15:01,4*01:01,5*01:01,1:02,3:01,3:02,6:01
1636,11:01,68:01:00,15:25,35:03:00,7:01,15:02,4*01:01,5*01:03,1:01,2:01,3:03,5:02
1634,11:01,24:02:00,7:05,15:02,10:01,12:02,3*03:01,ABSENT,1:01,6:01,3:01,5:01
1639,24:17:00,33:03:00,15:25,44:03:00,11:01,11:01,3*02:02,3*02:02,5:01,5:01,3:01,3:01
1648,11:01,24:07:00,35:01:00,52:01:00,4:03,11:01,3*02:02,4*01:01,3:01,5:01,3:01,3:02
1644,11:01,29:01:00,7:05,44:03:00,7:01,15:02,4*01:01,5*01:02,1:03,2:01,2:01,6:01
1643,24:02:00,33:03:00,15:25,58:01:00,3:01,8:03,3*02:02,ABSENT,5:01,6:01,2:01,3:01
1637,2:01,24:07:00,7:02,35:05:00,12:02,15:01,3*03:01,5*01:01,1:02,6:01,3:01,6:01
1645,26:01:00,33:03:00,7:02,15:02,4:05,15:01,4*01:01,5*01:01,1:03,3:01,4:02,6:01
1640,33:03:00,33:03:00,44:03:00,44:03:00,7:01,7:01,4*01:01,4*01:01,2:01,2:01,2:01,2:01
1649,11:01,24:02:00,27:05:00,52:01:00,9:01,15:02,4*01:01,5*01:02,1:03,3:01,3:03,6:01
1646,1:01,68:01:00,35:03:00,57:01:00,7:01,13:01,3*01:01,4*01:01,1:03,2:01,3:03,6:03
1642,11:01,32:01:00,51:01:00,51:06:00,15:02,15:02,5*01:02,5*01:02,1:03,1:03,6:01,6:01
1652,30:01:00,33:03:00,13:02,15:25,7:01,8:03,4*01:01,ABSENT,2:01,6:01,2:01,3:01
1638,1:01,68:01:00,15:02,37:01:00,10:01,12:02,3*03:01,ABSENT,1:01,6:01,3:01,5:01
1650,2:06,33:03:00,15:02,44:03:00,15:01,15:01,5*01:01,5*01:01,1:02,1:02,6:01,6:01
1647,11:01,24:02:00,7:02,56:01:00,4:03,7:01,4*01:01,4*01:01,2:01,3:01,2:01,3:02
1653,2:11,11:01,15:02,50:01:00,4:03,7:01,4*01:01,4*01:01,2:01,3:01,2:01,3:02
1654,11:01,33:03:00,7:05,15:01,10:01,15:06,5*01:01,ABSENT,1:01,1:02,5:01,5:02
1655,1:01,33:03:00,13:01,40:06:00,15:01,15:01,5*01:01,5*01:01,1:02,1:03,5:02,6:01
1657,33:03:00,33:03:00,27:05:00,35:03:00,4:01,10:01,4*01:01,ABSENT,1:01,3:01,3:02,5:01
1658,1:01,24:07:00,35:03:00,52:01:00,4:03,7:01,4*01:01,4*01:01,2:01,3:01,2:01,3:02
1478,24:02:00,24:02:00,8:01,44:03:00,7:01,14:04,3*02:02,4*01:01,1:01,2:01,2:01,5:03
1656,1:01,1:01,35:03:00,58:01:00,3:01,14:01,3*02:02,3*02:02,1:01,5:01,2:01,5:03
1659,1:01,3:01,15:01,57:01:00,14:04,15:02,3*02:02,5*01:02,1:01,1:03,5:03,6:01
1662,11:01,24:02:00,15:02,35:03:00,12:02,14:01,3*02:02,3*03:01,1:01,6:01,3:01,5:03
1663,33:03:00,33:03:00,44:03:00,44:03:00,7:01,7:01,4*01:01,4*01:01,2:01,2:01,2:01,2:01
1660,2:11,33:03:00,40:06:00,44:03:00,7:01,15:01,4*01:01,5*01:01,1:02,2:01,2:01,6:01
1651,1:01,2:03,15:02,44:03:00,7:01,15:02,4*01:01,5*01:02,1:01,2:01,2:01,5:01
1661,11:01,31:01:00,40:06:00,52:01:00,15:02,15:02,5*01:02,5*01:02,1:03,1:03,6:01,6:01
1665,11:01,11:01,15:02,57:01:00,7:01,12:02,3*03:01,4*01:01,2:01,6:01,3:01,3:03
1667,1:01,11:01,15:17,52:01:00,1:01,4:01,4*01:01,ABSENT,1:01,3:01,3:01,5:01
1673,11:01,33:03:00,15:02,15:17,12:02,13:01,3*01:01,3*03:01,1:03,6:01,3:01,6:03
1672,1:01,11:01,15:17,38:02:00,1:01,13:02,3*03:01,ABSENT,1:01,1:02,5:01,6:03
1664,2:03,24:02:00,15:02,15:02,12:02,12:02,3*03:01,3*03:01,5:01,6:01,3:01,3:01
1666,31:01:00,33:03:00,44:03:00,52:01:00,7:01,15:02,4*01:01,5*01:02,1:03,2:01,2:01,6:01
1671,11:01,24:02:00,15:02,18:01,15:01,15:01,5*01:01,5*01:01,1:02,1:02,6:01,6:01
1678,2:01,33:03:00,35:03:00,44:03:00,13:02,14:04,3*02:02,3*03:01,1:01,1:02,5:03,6:04
1674,1:01,33:03:00,35:08:00,37:01:00,10:01,13:01,3*03:01,ABSENT,1:01,1:03,5:01,6:03
1679,1:01,11:01,15:02,15:17,12:02,13:02,3*03:01,3*03:01,1:02,6:01,3:01,6:04
1668,1:01,33:03:00,15:32,52:01:00,7:01,12:02,3*03:01,4*01:01,1:02,2:01,3:02,5:02
1670,11:01,31:01:00,44:03:00,49:01:00,7:01,13:02,3*03:01,4*01:01,1:02,2:01,3:03,6:04
1676,33:03:00,33:03:00,44:03:00,58:01:00,7:01,7:01,4*01:01,4*01:01,2:01,2:01,2:01,2:01
1680,1:01,68:01:00,13:01,52:01:00,4:04,15:01,4*01:03,5*01:01,1:02,3:01,3:02,6:01
1681,33:03:00,33:03:00,44:03:00,58:01:00,3:01,7:01,3*02:02,4*01:01,2:01,5:01,2:01,2:01
1677,2:03,74:01:00,15:02,27:07:00,14:04,15:02,3*02:02,5*01:02,1:01,1:01,5:01,5:03
1682,11:01,68:01:00,7:02,35:01:00,14:04,15:01,3*02:02,5*01:01,1:01,1:02,5:03,6:02
1685,3:02,11:01,15:18,57:01:00,7:01,15:02,4*01:01,5*01:02,1:03,2:01,3:03,6:01
1675,11:01,33:03:00,57:01:00,58:01:00,3:01,7:01,3*02:02,4*01:01,2:01,5:01,2:01,3:03
1683,3:01,33:03:00,40:06:00,52:01:00,4:03,16:02,4*01:01,5*02:02,1:02,3:01,3:02,5:02
1686,3:01,33:03:00,35:01:00,52:01:00,4:03,15:06,4*01:01,5*01:01,1:02,3:01,3:02,5:02
1684,24:03:00,33:03:00,39:01:00,44:03:00,7:01,15:02,4*01:01,5*01:02,1:03,2:01,2:01,5:03
1687,26:01:00,26:01:00,37:01:00,37:01:00,10:01,15:01,5*01:01,ABSENT,1:01,1:03,5:01,6:01
1689,1:01,24:02:00,40:06:00,57:01:00,7:01,15:02,4*01:01,5*01:02,1:03,2:01,3:03,6:01
1695,2:11,74:01:00,7:02,15:02,12:02,15:02,3*03:01,5*01:02,1:03,6:01,3:01,6:01
1688,1:01,33:03:00,15:17,44:03:00,3:01,15:02,3*02:02,5*01:02,1:03,5:01,2:01,6:01
1697,3:01,24:02:00,15:25,52:01:00,15:01,15:02,5*01:01,5*01:02,1:02,1:03,5:02,6:01
1696,11:01,11:01,35:03:00,52:01:00,15:02,15:02,5*01:02,5*01:03,1:01,1:03,5:02,6:01
1690,11:01,31:01:00,15:08,51:06:00,4:03,14:04,3*02:02,4*01:01,1:01,3:01,3:02,5:03
1698,31:01:00,33:03:00,15:02,58:01:00,1:01,15:01,5*01:01,ABSENT,1:01,1:02,5:01,6:01
1691,33:03:00,"""33:new""",40:06:00,44:03:00,13:02,15:01,3*03:01,5*01:01,1:02,1:02,5:02,6:04
1694,11:01,24:02:00,40:01:00,57:01:00,15:02,15:02,5*01:02,5*01:02,1:03,1:03,5:03,6:01
1700,1:01,2:11,13:01,27:05:00,1:01,15:01,5*01:01,ABSENT,1:01,1:02,5:01,6:02
1699,24:07:00,68:01:00,15:02,55:01:00,4:05,10:01,4*01:01,ABSENT,1:01,3:01,4:02,5:01